{
    "O2"    : {
        "MW"    :   31.99886,
        "hf"    :   0
    },
    
    "N2"    : {
        "MW"    :   28.01344,
        "hf"    :   0
    },
    
    "CO2"   : {
        "MW"    :   44.00964,
        "hf"    :   -393546
    },
    
    "H2O"   : {
        "MW"    :   18.01532,
        "hf"    :   -241845
    }
}
