{
    "O2": {
        "Tmin": 200, "Tmid": 1000, "Tmax": 6000,
        "low":  [ 3.78245636, -2.99673416e-3,  9.84730201e-6, -9.68129509e-9,  3.24372837e-12, -1063.94356,  3.65767573],
        "high": [ 3.69757819,  6.13519689e-4, -1.25884199e-7,  1.77528148e-11, -1.13643531e-15, -1233.93282,  3.18916559]
    },
    "N2": {
        "Tmin": 200, "Tmid": 1000, "Tmax": 6000,
        "low":  [ 3.53100528, -1.23660988e-4, -5.02999433e-7,  2.43530612e-9, -1.40881235e-12, -1046.97628,  2.96747038],
        "high": [ 2.95257637,  1.39690040e-3, -4.92631603e-7,  7.86010195e-11, -4.60755204e-15,  -923.948688, 5.87188762]
    },
    "CO2": {
        "Tmin": 200, "Tmid": 1000, "Tmax": 6000,
        "low":  [ 2.35677352,  8.98459677e-3, -7.12356269e-6,  2.45919022e-9, -1.43699548e-13, -48371.9697,  9.90105222],
        "high": [ 3.85746029,  4.41437026e-3, -2.21481404e-6,  5.23490188e-10, -4.72084164e-14, -48759.166,   2.27163806]
    },
    "H2O": {
        "Tmin": 200, "Tmid": 1000, "Tmax": 6000,
        "low":  [ 4.19864056, -2.03643410e-3,  6.52040211e-6, -5.48797062e-9,  1.77197250e-12, -30293.7267, -0.849032208],
        "high": [ 2.67703890,  2.97318160e-3, -7.73768890e-7,  9.44335140e-11, -4.26900860e-15, -29899.2090,  6.88255571]
    },
    "CO": {
        "Tmin": 200, "Tmid": 1000, "Tmax": 6000,
        "low":  [ 3.57953347, -6.10353680e-4,  1.01681433e-6,  9.07005884e-10, -9.04424499e-13, -14344.0860,  3.50840928],
        "high": [ 2.71518561,  2.06252743e-3, -9.98825771e-7,  2.30053008e-10, -2.03647716e-14, -14151.8724,  7.81868772]
    },
    "H2": {
        "Tmin": 200, "Tmid": 1000, "Tmax": 6000,
        "low":  [ 2.34433112,  7.98052075e-3, -1.94781510e-5,  2.01572094e-8, -7.37611761e-12,  -917.935173,  0.683010238],
        "high": [ 2.93286575,  8.26608026e-4, -1.46402364e-7,  1.54100414e-11, -6.88804800e-16,  -813.065581, -1.02432865]
    }
}
